Gender,Reps,Year,Time Format,AP/JC,FF/PR/PB,HR/FR,Exercise
Male,130,2019,2 MINUTES,AP,FF,HR,2
Male,119,2017,2 MINUTES,AP,FF,HR,2
Male,111,2017,2 MINUTES,AP,FF,HR,2
Male,107,2018,2 MINUTES,AP,FF,HR,2
Male,105,2019,2 MINUTES,AP,FF,HR,2
Male,103,2019,2 MINUTES,AP,FF,HR,2
Male,103,2016,2 MINUTES,AP,FF,HR,2
Male,100,2018,2 MINUTES,AP,FF,HR,2
Male,100,2018,2 MINUTES,AP,FF,HR,2
Male,99,2018,2 MINUTES,AP,FF,HR,2
Male,99,2015,2 MINUTES,AP,PR,HR,2
Male,96,2018,2 MINUTES,AP,FF,HR,2
Male,96,2016,2 MINUTES,AP,FF,HR,2
Male,96,2016,2 MINUTES,AP,FF,HR,2
Male,96,2015,2 MINUTES,AP,PR,HR,2
Male,95,2019,2 MINUTES,AP,FF,HR,2
Male,94,2019,2 MINUTES,AP,FF,HR,2
Male,94,2018,2 MINUTES,AP,FF,HR,2
Male,94,2017,2 MINUTES,AP,FF,HR,2
Male,93,2017,2 MINUTES,AP,FF,HR,2
Male,92,2018,2 MINUTES,AP,FF,HR,2
Male,91,2018,2 MINUTES,AP,FF,HR,2
Male,91,2017,2 MINUTES,AP,FF,HR,2
Male,90,2016,2 MINUTES,AP,FF,HR,2
Male,89,2018,2 MINUTES,AP,FF,HR,2
Male,89,2017,2 MINUTES,AP,FF,HR,2
Male,88,2019,2 MINUTES,AP,FF,HR,2
Male,88,2018,2 MINUTES,AP,FF,HR,2
Male,88,2017,2 MINUTES,AP,FF,HR,2
Male,87,2017,2 MINUTES,AP,FF,HR,2
Male,86,2018,2 MINUTES,AP,FF,HR,2
Male,86,2016,2 MINUTES,AP,FF,HR,2
Male,85,2019,2 MINUTES,AP,FF,HR,2
Male,85,2019,2 MINUTES,AP,FF,HR,2
Male,85,2018,2 MINUTES,AP,FF,HR,2
Male,85,2017,2 MINUTES,AP,FF,HR,2
Male,85,2017,2 MINUTES,AP,FF,HR,2
Male,84,2019,2 MINUTES,AP,FF,HR,2
Male,84,2019,2 MINUTES,AP,FF,HR,2
Male,84,2019,2 MINUTES,AP,FF,HR,2
Male,84,2018,2 MINUTES,AP,FF,HR,2
Male,84,2017,2 MINUTES,AP,FF,HR,2
Male,83,2018,2 MINUTES,AP,FF,HR,2
Male,83,2018,2 MINUTES,AP,FF,HR,2
Male,82,2019,2 MINUTES,AP,FF,HR,2
Female,82,2019,2 MINUTES,AP,FF,HR,2
Male,81,2017,2 MINUTES,AP,FF,HR,2
Male,80,2018,2 MINUTES,AP,FF,HR,2
Male,80,2018,2 MINUTES,AP,FF,HR,2
Male,79,2019,2 MINUTES,AP,FF,HR,2
Male,79,2017,2 MINUTES,AP,FF,HR,2
Male,78,2018,2 MINUTES,AP,FF,HR,2
Male,78,2018,2 MINUTES,AP,FF,HR,2
Male,78,2017,2 MINUTES,AP,FF,HR,2
Male,78,2017,2 MINUTES,AP,FF,HR,2
Male,77,2019,2 MINUTES,AP,FF,HR,2
Male,77,2018,2 MINUTES,AP,FF,HR,2
Male,77,2017,2 MINUTES,AP,FF,HR,2
Male,76,2019,2 MINUTES,AP,FF,HR,2
Female,76,2017,2 MINUTES,AP,FF,HR,2
Male,75,2019,2 MINUTES,AP,FF,HR,2
Male,74,2018,2 MINUTES,AP,FF,HR,2
Male,74,2017,2 MINUTES,AP,FF,HR,2
Male,74,2016,2 MINUTES,AP,FF,HR,2
Male,74,2015,2 MINUTES,AP,PR,HR,2
Male,73,2018,2 MINUTES,AP,FF,HR,2
Male,73,2016,2 MINUTES,AP,FF,HR,2
Male,72,2018,2 MINUTES,AP,FF,HR,2
Male,72,2018,2 MINUTES,AP,FF,HR,2
Female,71,2017,2 MINUTES,AP,FF,HR,2
Male,71,2023,2 MINUTES,JC,PB,FR,2
Male,70,2020,2 MINUTES,JC,PB,FR,2
Male,70,2021,2 MINUTES,JC,PB,FR,2
Male,70,2022,2 MINUTES,JC,PB,FR,2
Male,70,2023,2 MINUTES,JC,PB,FR,2
Male,69,2019,2 MINUTES,AP,FF,HR,2
Male,69,2018,2 MINUTES,AP,FF,HR,2
Male,69,2015,2 MINUTES,AP,PR,HR,2
Male,69,2021,2 MINUTES,JC,PB,FR,2
Male,68,2019,2 MINUTES,AP,FF,HR,2
Male,68,2017,2 MINUTES,AP,FF,HR,2
Female,67,2019,2 MINUTES,AP,FF,HR,2
Male,67,2015,2 MINUTES,AP,PR,HR,2
Male,67,2015,2 MINUTES,AP,PR,HR,2
Male,67,2020,2 MINUTES,JC,PB,FR,2
Male,67,2022,2 MINUTES,JC,PB,FR,2
Male,66,2016,2 MINUTES,AP,FF,HR,2
Male,66,2021,2 MINUTES,JC,PB,FR,2
Male,66,2022,2 MINUTES,JC,PB,FR,2
Male,65,2018,2 MINUTES,AP,FF,HR,2
Male,65,2023,2 MINUTES,JC,PB,FR,2
Male,64,2019,2 MINUTES,AP,FF,HR,2
Male,64,2018,2 MINUTES,AP,FF,HR,2
Male,64,2018,2 MINUTES,AP,FF,HR,2
Male,64,2017,2 MINUTES,AP,FF,HR,2
Male,64,2016,2 MINUTES,AP,FF,HR,2
Male,64,2016,2 MINUTES,AP,FF,HR,2
Male,64,2015,2 MINUTES,AP,PR,HR,2
Male,64,2020,2 MINUTES,JC,PB,FR,2
Male,64,2020,2 MINUTES,JC,PB,FR,2
Male,64,2022,2 MINUTES,JC,PB,FR,2
Male,63,2019,2 MINUTES,AP,FF,HR,2
Male,63,2019,2 MINUTES,AP,FF,HR,2
Male,63,2018,2 MINUTES,AP,FF,HR,2
Female,63,2018,2 MINUTES,AP,FF,HR,2
Male,63,2017,2 MINUTES,AP,FF,HR,2
Male,63,2016,2 MINUTES,AP,FF,HR,2
Male,63,2016,2 MINUTES,AP,FF,HR,2
Male,63,2015,2 MINUTES,AP,PR,HR,2
Male,63,2021,2 MINUTES,JC,PB,FR,2
Male,62,2019,2 MINUTES,AP,FF,HR,2
Female,62,2019,2 MINUTES,AP,FF,HR,2
Male,62,2019,2 MINUTES,AP,FF,HR,2
Male,62,2018,2 MINUTES,AP,FF,HR,2
Male,62,2021,2 MINUTES,JC,PB,FR,2
Male,61,2018,2 MINUTES,AP,FF,HR,2
Male,61,2015,2 MINUTES,AP,PR,HR,2
Female,60,2016,2 MINUTES,AP,FF,HR,2
Male,60,2021,2 MINUTES,JC,PB,FR,2
Male,60,2022,2 MINUTES,JC,PB,FR,2
Male,60,2022,2 MINUTES,JC,PB,FR,2
Male,60,2022,2 MINUTES,JC,PB,FR,2
Male,60,2023,2 MINUTES,JC,PB,FR,2
Male,60,2023,2 MINUTES,JC,PB,FR,2
Female,59,2019,2 MINUTES,AP,FF,HR,2
Male,59,2018,2 MINUTES,AP,FF,HR,2
Male,59,2018,2 MINUTES,AP,FF,HR,2
Male,59,2017,2 MINUTES,AP,FF,HR,2
Male,59,2017,2 MINUTES,AP,FF,HR,2
Male,59,2015,2 MINUTES,AP,PR,HR,2
Male,59,2015,2 MINUTES,AP,PR,HR,2
Male,59,2021,2 MINUTES,JC,PB,FR,2
Male,59,2021,2 MINUTES,JC,PB,FR,2
Male,59,2022,2 MINUTES,JC,PB,FR,2
Female,58,2018,2 MINUTES,AP,FF,HR,2
Male,58,2018,2 MINUTES,AP,FF,HR,2
Male,58,2016,2 MINUTES,AP,FF,HR,2
Male,58,2016,2 MINUTES,AP,FF,HR,2
Male,58,2022,2 MINUTES,JC,PB,FR,2
Male,57,2019,2 MINUTES,AP,FF,HR,2
Male,57,2017,2 MINUTES,AP,FF,HR,2
Male,57,2015,2 MINUTES,AP,PR,HR,2
Male,57,2021,2 MINUTES,JC,PB,FR,2
Male,57,2023,2 MINUTES,JC,PB,FR,2
Male,56,2019,2 MINUTES,AP,FF,HR,2
Male,56,2015,2 MINUTES,AP,PR,HR,2
Male,56,2021,2 MINUTES,JC,PB,FR,2
Male,56,2022,2 MINUTES,JC,PB,FR,2
Male,56,2023,2 MINUTES,JC,PB,FR,2
Male,55,2015,2 MINUTES,AP,PR,HR,2
Male,55,2021,2 MINUTES,JC,PB,FR,2
Male,54,2018,2 MINUTES,AP,FF,HR,2
Male,54,2016,2 MINUTES,AP,FF,HR,2
Male,54,2021,2 MINUTES,JC,PB,FR,2
Male,54,2022,2 MINUTES,JC,PB,FR,2
Female,54,2023,2 MINUTES,JC,PB,FR,2
Female,53,2019,2 MINUTES,AP,FF,HR,2
Male,53,2017,2 MINUTES,AP,FF,HR,2
Male,53,2016,2 MINUTES,AP,FF,HR,2
Male,53,2015,2 MINUTES,AP,PR,HR,2
Male,53,2021,2 MINUTES,JC,PB,FR,2
Male,53,2021,2 MINUTES,JC,PB,FR,2
Male,53,2022,2 MINUTES,JC,PB,FR,2
Male,53,2023,2 MINUTES,JC,PB,FR,2
Male,52,2017,2 MINUTES,AP,FF,HR,2
Male,52,2016,2 MINUTES,AP,FF,HR,2
Male,52,2020,2 MINUTES,JC,PB,FR,2
Female,52,2023,2 MINUTES,JC,PB,FR,2
Female,51,2019,2 MINUTES,AP,FF,HR,2
Male,51,2021,2 MINUTES,JC,PB,FR,2
Male,51,2023,2 MINUTES,JC,PB,FR,2
Male,50,2019,2 MINUTES,AP,FF,HR,2
Female,50,2018,2 MINUTES,AP,FF,HR,2
Male,50,2018,2 MINUTES,AP,FF,HR,2
Male,50,2016,2 MINUTES,AP,FF,HR,2
Male,50,2015,2 MINUTES,AP,PR,HR,2
Male,50,2022,2 MINUTES,JC,PB,FR,2
Male,49,2019,2 MINUTES,AP,FF,HR,2
Female,49,2017,2 MINUTES,AP,FF,HR,2
Female,49,2016,2 MINUTES,AP,FF,HR,2
Male,49,2015,2 MINUTES,AP,PR,HR,2
Male,49,2015,2 MINUTES,AP,PR,HR,2
Male,49,2020,2 MINUTES,JC,PB,FR,2
Male,49,2021,2 MINUTES,JC,PB,FR,2
Male,49,2022,2 MINUTES,JC,PB,FR,2
Male,48,2017,2 MINUTES,AP,FF,HR,2
Male,48,2015,2 MINUTES,AP,PR,HR,2
Male,48,2020,2 MINUTES,JC,PB,FR,2
Male,48,2020,2 MINUTES,JC,PB,FR,2
Male,48,2021,2 MINUTES,JC,PB,FR,2
Male,48,2023,2 MINUTES,JC,PB,FR,2
Female,47,2022,2 MINUTES,JC,PB,FR,2
Male,47,2022,2 MINUTES,JC,PB,FR,2
Male,47,2023,2 MINUTES,JC,PB,FR,2
Male,47,2023,2 MINUTES,JC,PB,FR,2
Female,46,2019,2 MINUTES,AP,FF,HR,2
Male,46,2015,2 MINUTES,AP,PR,HR,2
Male,46,2015,2 MINUTES,AP,PR,HR,2
Male,46,2015,2 MINUTES,AP,PR,HR,2
Male,46,2021,2 MINUTES,JC,PB,FR,2
Male,46,2023,2 MINUTES,JC,PB,FR,2
Male,45,2018,2 MINUTES,AP,FF,HR,2
Male,45,2016,2 MINUTES,AP,FF,HR,2
Male,45,2015,2 MINUTES,AP,PR,HR,2
Male,45,2015,2 MINUTES,AP,PR,HR,2
Male,45,2020,2 MINUTES,JC,PB,FR,2
Male,45,2022,2 MINUTES,JC,PB,FR,2
Male,45,2022,2 MINUTES,JC,PB,FR,2
Male,45,2023,2 MINUTES,JC,PB,FR,2
Female,44,2019,2 MINUTES,AP,FF,HR,2
Male,44,2018,2 MINUTES,AP,FF,HR,2
Male,44,2020,2 MINUTES,JC,PB,FR,2
Male,44,2020,2 MINUTES,JC,PB,FR,2
Male,44,2021,2 MINUTES,JC,PB,FR,2
Female,44,2021,2 MINUTES,JC,PB,FR,2
Female,44,2021,2 MINUTES,JC,PB,FR,2
Male,44,2022,2 MINUTES,JC,PB,FR,2
Male,44,2022,2 MINUTES,JC,PB,FR,2
Male,44,2022,2 MINUTES,JC,PB,FR,2
Male,44,2023,2 MINUTES,JC,PB,FR,2
Male,44,2023,2 MINUTES,JC,PB,FR,2
Male,43,2015,2 MINUTES,AP,PR,HR,2
Female,43,2020,2 MINUTES,JC,PB,FR,2
Male,43,2021,2 MINUTES,JC,PB,FR,2
Male,43,2022,2 MINUTES,JC,PB,FR,2
Male,43,2023,2 MINUTES,JC,PB,FR,2
Male,42,2022,2 MINUTES,JC,PB,FR,2
Male,42,2023,2 MINUTES,JC,PB,FR,2
Male,41,2021,2 MINUTES,JC,PB,FR,2
Male,41,2021,2 MINUTES,JC,PB,FR,2
Male,41,2023,2 MINUTES,JC,PB,FR,2
Male,40,2017,2 MINUTES,AP,FF,HR,2
Male,40,2016,2 MINUTES,AP,FF,HR,2
Male,40,2022,2 MINUTES,JC,PB,FR,2
Male,39,2022,2 MINUTES,JC,PB,FR,2
Male,38,2018,2 MINUTES,AP,FF,HR,2
Male,38,2020,2 MINUTES,JC,PB,FR,2
Male,38,2021,2 MINUTES,JC,PB,FR,2
Male,38,2023,2 MINUTES,JC,PB,FR,2
Male,38,2023,2 MINUTES,JC,PB,FR,2
Male,38,2023,2 MINUTES,JC,PB,FR,2
Female,37,2018,2 MINUTES,AP,FF,HR,2
Female,37,2018,2 MINUTES,AP,FF,HR,2
Male,37,2020,2 MINUTES,JC,PB,FR,2
Male,37,2021,2 MINUTES,JC,PB,FR,2
Male,37,2022,2 MINUTES,JC,PB,FR,2
Male,37,2023,2 MINUTES,JC,PB,FR,2
Female,36,2016,2 MINUTES,AP,FF,HR,2
Male,36,2022,2 MINUTES,JC,PB,FR,2
Male,36,2023,2 MINUTES,JC,PB,FR,2
Male,35,2022,2 MINUTES,JC,PB,FR,2
Male,35,2023,2 MINUTES,JC,PB,FR,2
Male,34,2016,2 MINUTES,AP,FF,HR,2
Male,34,2020,2 MINUTES,JC,PB,FR,2
Male,34,2020,2 MINUTES,JC,PB,FR,2
Male,34,2020,2 MINUTES,JC,PB,FR,2
Male,34,2022,2 MINUTES,JC,PB,FR,2
Male,33,2019,2 MINUTES,AP,FF,HR,2
Male,33,2015,2 MINUTES,AP,PR,HR,2
Male,33,2020,2 MINUTES,JC,PB,FR,2
Male,33,2021,2 MINUTES,JC,PB,FR,2
Male,32,2016,2 MINUTES,AP,FF,HR,2
Female,31,2019,2 MINUTES,AP,FF,HR,2
Male,31,2015,2 MINUTES,AP,PR,HR,2
Female,31,2015,2 MINUTES,AP,PR,HR,2
Male,31,2023,2 MINUTES,JC,PB,FR,2
Male,30,2018,2 MINUTES,AP,FF,HR,2
Male,30,2022,2 MINUTES,JC,PB,FR,2
Female,29,2018,2 MINUTES,AP,FF,HR,2
Female,29,2017,2 MINUTES,AP,FF,HR,2
Male,29,2020,2 MINUTES,JC,PB,FR,2
Male,28,2018,2 MINUTES,AP,FF,HR,2
Male,28,2021,2 MINUTES,JC,PB,FR,2
Female,27,2019,2 MINUTES,AP,FF,HR,2
Male,27,2018,2 MINUTES,AP,FF,HR,2
Male,26,2021,2 MINUTES,JC,PB,FR,2
Male,25,2017,2 MINUTES,AP,FF,HR,2
Male,25,2015,2 MINUTES,AP,PR,HR,2
Female,24,2022,2 MINUTES,JC,PB,FR,2
Male,24,2022,2 MINUTES,JC,PB,FR,2
Female,23,2021,2 MINUTES,JC,PB,FR,2
Female,23,2022,2 MINUTES,JC,PB,FR,2
Male,22,2018,2 MINUTES,AP,FF,HR,2
Male,18,2015,2 MINUTES,AP,PR,HR,2
Male,5,2018,2 MINUTES,AP,FF,HR,2
Female,2,2021,2 MINUTES,JC,PB,FR,2
Male,99,2017,2MD,AP,FF,,1
Male,88,2018,2MD,AP,FF,,1
Male,80,2018,2MD,AP,FF,,1
Male,73,2017,2MD,AP,FF,,1
Male,73,2022,2MD,JC,PB,,1
Male,73,2023,2MD,JC,PB,,1
Male,72,2017,2MD,AP,FF,,1
Male,72,2018,2MD,AP,FF,,1
Male,72,2019,2MD,JC,PB,,1
Male,72,2022,2MD,JC,PB,,1
Male,71,2022,2MD,JC,PB,,1
Male,70,2019,2MD,JC,PB,,1
Male,69,2020,2MD,JC,PB,,1
Male,68,2017,2MD,AP,FF,,1
Male,67,2018,2MD,AP,FF,,1
Male,67,2022,2MD,JC,PB,,1
Male,66,2021,2MD,JC,PB,,1
Male,66,2023,2MD,JC,PB,,1
Male,65,2017,2MD,AP,FF,,1
Male,63,2018,2MD,AP,FF,,1
Male,62,2017,2MD,AP,FF,,1
Male,62,2018,2MD,AP,FF,,1
Male,62,2022,2MD,JC,PB,,1
Male,61,2017,2MD,AP,FF,,1
Male,61,2022,2MD,JC,PB,,1
Male,60,2018,2MD,AP,FF,,1
Male,60,2022,2MD,JC,PB,,1
Male,59,2018,2MD,AP,FF,,1
Male,59,2021,2MD,JC,PB,,1
Male,59,2021,2MD,JC,PB,,1
Male,59,2023,2MD,JC,PB,,1
Male,58,2019,2MD,JC,PB,,1
Male,58,2020,2MD,JC,PB,,1
Male,57,2023,2MD,JC,PB,,1
Male,56,2017,2MD,AP,FF,,1
Male,55,2017,2MD,AP,FF,,1
Male,55,2018,2MD,AP,FF,,1
Male,55,2021,2MD,JC,PB,,1
Male,55,2021,2MD,JC,PB,,1
Female,55,2023,2MD,JC,PB,,1
Male,54,2018,2MD,AP,FF,,1
Male,54,2022,2MD,JC,PB,,1
Male,54,2023,2MD,JC,PB,,1
Male,54,2023,2MD,JC,PB,,1
Male,53,2023,2MD,JC,PB,,1
Male,53,2023,2MD,JC,PB,,1
Male,52,2017,2MD,AP,FF,,1
Male,52,2019,2MD,JC,PB,,1
Male,52,2019,2MD,JC,PB,,1
Male,52,2023,2MD,JC,PB,,1
Male,51,2018,2MD,AP,FF,,1
Male,51,2018,2MD,AP,FF,,1
Male,51,2019,2MD,JC,PB,,1
Male,51,2021,2MD,JC,PB,,1
Male,51,2023,2MD,JC,PB,,1
Male,50,2017,2MD,AP,FF,,1
Male,50,2017,2MD,AP,FF,,1
Male,50,2018,2MD,AP,FF,,1
Male,50,2018,2MD,AP,FF,,1
Male,50,2018,2MD,AP,FF,,1
Male,50,2019,2MD,JC,PB,,1
Male,49,2017,2MD,AP,FF,,1
Male,49,2019,2MD,JC,PB,,1
Male,49,2020,2MD,JC,PB,,1
Male,49,2021,2MD,JC,PB,,1
Male,48,2017,2MD,AP,FF,,1
Male,48,2017,2MD,AP,FF,,1
Male,48,2017,2MD,AP,FF,,1
Male,48,2018,2MD,AP,FF,,1
Male,48,2018,2MD,AP,FF,,1
Male,48,2022,2MD,JC,PB,,1
Male,48,2023,2MD,JC,PB,,1
Male,48,2023,2MD,JC,PB,,1
Male,48,2023,2MD,JC,PB,,1
Male,47,2018,2MD,AP,FF,,1
Male,47,2019,2MD,JC,PB,,1
Male,47,2020,2MD,JC,PB,,1
Male,47,2021,2MD,JC,PB,,1
Male,47,2021,2MD,JC,PB,,1
Male,47,2022,2MD,JC,PB,,1
Male,47,2022,2MD,JC,PB,,1
Male,46,2017,2MD,AP,FF,,1
Male,46,2021,2MD,JC,PB,,1
Male,46,2022,2MD,JC,PB,,1
Male,46,2022,2MD,JC,PB,,1
Male,46,2023,2MD,JC,PB,,1
Male,45,2017,2MD,AP,FF,,1
Male,45,2017,2MD,AP,FF,,1
Male,45,2019,2MD,JC,PB,,1
Male,45,2021,2MD,JC,PB,,1
Female,45,2021,2MD,JC,PB,,1
Male,45,2022,2MD,JC,PB,,1
Male,45,2022,2MD,JC,PB,,1
Male,44,2017,2MD,AP,FF,,1
Male,44,2017,2MD,AP,FF,,1
Male,44,2018,2MD,AP,FF,,1
Male,44,2019,2MD,JC,PB,,1
Male,44,2020,2MD,JC,PB,,1
Male,44,2021,2MD,JC,PB,,1
Male,43,2018,2MD,AP,FF,,1
Male,43,2018,2MD,AP,FF,,1
Male,43,2019,2MD,JC,PB,,1
Male,43,2019,2MD,JC,PB,,1
Male,43,2021,2MD,JC,PB,,1
Male,43,2021,2MD,JC,PB,,1
Male,43,2022,2MD,JC,PB,,1
Male,42,2021,2MD,JC,PB,,1
Male,42,2022,2MD,JC,PB,,1
Male,42,2022,2MD,JC,PB,,1
Male,41,2018,2MD,AP,FF,,1
Male,41,2019,2MD,JC,PB,,1
Male,41,2019,2MD,JC,PB,,1
Male,41,2021,2MD,JC,PB,,1
Male,41,2021,2MD,JC,PB,,1
Male,41,2022,2MD,JC,PB,,1
Female,40,2017,2MD,AP,FF,,1
Male,40,2017,2MD,AP,FF,,1
Male,40,2018,2MD,AP,FF,,1
Male,40,2018,2MD,AP,FF,,1
Male,40,2018,2MD,AP,FF,,1
Male,40,2020,2MD,JC,PB,,1
Male,39,2015,UNTIMED,AP,FF,,1
Male,39,2018,2MD,AP,FF,,1
Male,39,2019,2MD,JC,PB,,1
Female,39,2019,2MD,JC,PB,,1
Male,39,2019,2MD,JC,PB,,1
Male,39,2019,2MD,JC,PB,,1
Male,39,2020,2MD,JC,PB,,1
Male,39,2021,2MD,JC,PB,,1
Male,39,2022,2MD,JC,PB,,1
Male,38,2015,UNTIMED,AP,FF,,1
Male,38,2018,2MD,AP,FF,,1
Male,38,2019,2MD,JC,PB,,1
Male,38,2020,2MD,JC,PB,,1
Male,38,2023,2MD,JC,PB,,1
Male,37,2015,UNTIMED,AP,FF,,1
Male,37,2017,2MD,AP,FF,,1
Male,37,2018,2MD,AP,FF,,1
Male,37,2019,2MD,JC,PB,,1
Male,37,2019,2MD,JC,PB,,1
Female,37,2022,2MD,JC,PB,,1
Male,37,2023,2MD,JC,PB,,1
Male,37,2023,2MD,JC,PB,,1
Male,37,2023,2MD,JC,PB,,1
Male,36,2018,2MD,AP,FF,,1
Male,36,2019,2MD,JC,PB,,1
Male,36,2023,2MD,JC,PB,,1
Female,35,2017,2MD,AP,FF,,1
Male,35,2018,2MD,AP,FF,,1
Male,35,2018,2MD,AP,FF,,1
Male,35,2018,2MD,AP,FF,,1
Male,35,2019,2MD,JC,PB,,1
Male,35,2021,2MD,JC,PB,,1
Male,35,2022,2MD,JC,PB,,1
Male,35,2022,2MD,JC,PB,,1
Male,35,2023,2MD,JC,PB,,1
Male,34,2015,UNTIMED,AP,FF,,1
Male,34,2017,2MD,AP,FF,,1
Male,34,2018,2MD,AP,FF,,1
Male,34,2018,2MD,AP,FF,,1
Male,34,2019,2MD,JC,PB,,1
Male,34,2019,2MD,JC,PB,,1
Male,34,2020,2MD,JC,PB,,1
Male,34,2020,2MD,JC,PB,,1
Female,34,2021,2MD,JC,PB,,1
Male,34,2022,2MD,JC,PB,,1
Male,33,2015,UNTIMED,AP,FF,,1
Male,33,2017,2MD,AP,FF,,1
Male,33,2018,2MD,AP,FF,,1
Male,33,2018,2MD,AP,FF,,1
Male,33,2021,2MD,JC,PB,,1
Female,33,2023,2MD,JC,PB,,1
Male,32,2017,2MD,AP,FF,,1
Male,32,2017,2MD,AP,FF,,1
Male,32,2019,2MD,JC,PB,,1
Female,32,2019,2MD,JC,PB,,1
Male,32,2019,2MD,JC,PB,,1
Male,32,2021,2MD,JC,PB,,1
Male,32,2022,2MD,JC,PB,,1
Male,32,2023,2MD,JC,PB,,1
Male,31,2015,UNTIMED,AP,FF,,1
Male,31,2018,2MD,AP,FF,,1
Male,31,2019,2MD,JC,PB,,1
Male,31,2021,2MD,JC,PB,,1
Male,31,2022,2MD,JC,PB,,1
Male,31,2023,2MD,JC,PB,,1
Male,30,2015,UNTIMED,AP,FF,,1
Male,30,2015,UNTIMED,AP,FF,,1
Male,30,2018,2MD,AP,FF,,1
Male,30,2018,2MD,AP,FF,,1
Male,30,2019,2MD,JC,PB,,1
Male,30,2020,2MD,JC,PB,,1
Male,30,2020,2MD,JC,PB,,1
Male,30,2021,2MD,JC,PB,,1
Male,30,2023,2MD,JC,PB,,1
Male,29,2019,2MD,JC,PB,,1
Male,29,2019,2MD,JC,PB,,1
Male,29,2022,2MD,JC,PB,,1
Male,29,2022,2MD,JC,PB,,1
Male,28,2015,UNTIMED,AP,FF,,1
Male,28,2017,2MD,AP,FF,,1
Female,28,2018,2MD,AP,FF,,1
Male,28,2018,2MD,AP,FF,,1
Female,28,2019,2MD,JC,PB,,1
Male,28,2019,2MD,JC,PB,,1
Male,28,2019,2MD,JC,PB,,1
Male,28,2020,2MD,JC,PB,,1
Male,28,2023,2MD,JC,PB,,1
Male,28,2023,2MD,JC,PB,,1
Male,28,2023,2MD,JC,PB,,1
Male,27,2017,2MD,AP,FF,,1
Female,27,2017,2MD,AP,FF,,1
Male,27,2018,2MD,AP,FF,,1
Female,27,2019,2MD,JC,PB,,1
Male,27,2019,2MD,JC,PB,,1
Male,27,2020,2MD,JC,PB,,1
Male,27,2020,2MD,JC,PB,,1
Female,27,2022,2MD,JC,PB,,1
Male,27,2022,2MD,JC,PB,,1
Female,27,2022,2MD,JC,PB,,1
Male,26,2015,UNTIMED,AP,FF,,1
Female,26,2018,2MD,AP,FF,,1
Male,26,2019,2MD,JC,PB,,1
Male,25,2015,UNTIMED,AP,FF,,1
Male,25,2018,2MD,AP,FF,,1
Female,25,2019,2MD,JC,PB,,1
Male,25,2021,2MD,JC,PB,,1
Male,25,2021,2MD,JC,PB,,1
Male,25,2021,2MD,JC,PB,,1
Male,25,2022,2MD,JC,PB,,1
Male,24,2015,UNTIMED,AP,FF,,1
Male,24,2015,UNTIMED,AP,FF,,1
Male,24,2019,2MD,JC,PB,,1
Male,24,2020,2MD,JC,PB,,1
Male,23,2018,2MD,AP,FF,,1
Male,23,2018,2MD,AP,FF,,1
Female,23,2020,2MD,JC,PB,,1
Male,23,2020,2MD,JC,PB,,1
Female,22,2018,2MD,AP,FF,,1
Male,22,2018,2MD,AP,FF,,1
Male,22,2019,2MD,JC,PB,,1
Male,22,2020,2MD,JC,PB,,1
Male,21,2019,2MD,JC,PB,,1
Male,21,2020,2MD,JC,PB,,1
Female,21,2021,2MD,JC,PB,,1
Male,21,2022,2MD,JC,PB,,1
Male,21,2022,2MD,JC,PB,,1
Male,20,2015,UNTIMED,AP,FF,,1
Male,20,2015,UNTIMED,AP,FF,,1
Female,20,2019,2MD,JC,PB,,1
Male,20,2021,2MD,JC,PB,,1
Male,19,2015,UNTIMED,AP,FF,,1
Male,18,2015,UNTIMED,AP,FF,,1
Male,17,2018,2MD,AP,FF,,1
Female,16,2018,2MD,AP,FF,,1
Male,16,2023,2MD,JC,PB,,1
Male,16,2023,2MD,JC,PB,,1
Male,15,2015,UNTIMED,AP,FF,,1
Male,15,2018,2MD,AP,FF,,1
Male,14,2015,UNTIMED,AP,FF,,1
Female,14,2015,UNTIMED,AP,FF,,1
Female,14,2018,2MD,AP,FF,,1
Female,14,2019,2MD,JC,PB,,1
Male,13,2015,UNTIMED,AP,FF,,1
Male,12,2015,UNTIMED,AP,FF,,1
Female,12,2019,2MD,JC,PB,,1
Male,11,2015,UNTIMED,AP,FF,,1
Female,11,2019,2MD,JC,PB,,1
Male,10,2015,UNTIMED,AP,FF,,1
Male,10,2015,UNTIMED,AP,FF,,1
Female,10,2017,2MD,AP,FF,,1
Male,7,2019,2MD,JC,PB,,1
Female,3,2018,2MD,AP,FF,,1
Male,3,2018,2MD,AP,FF,,1
Female,3,2019,2MD,JC,PB,,1
Female,1,2019,2MD,JC,PB,,1
Female,1,2021,2MD,JC,PB,,1
Male,0,2015,UNTIMED,AP,FF,,1
Male,0,2015,UNTIMED,AP,FF,,1
Male,0,2015,UNTIMED,AP,FF,,1
Male,0,2015,UNTIMED,AP,FF,,1
Male,0,2015,UNTIMED,AP,FF,,1
Male,0,2015,UNTIMED,AP,FF,,1
Male,0,2015,UNTIMED,AP,FF,,1
Male,0,2015,UNTIMED,AP,FF,,1
Male,0,2015,UNTIMED,AP,FF,,1
Male,0,2015,UNTIMED,AP,FF,,1
Male,38,2016,UNTIMED,AP,FF,,3
Male,37,2019,UNTIMED,JC,FF,,3
Male,37,2017,UNTIMED,AP,FF,,3
Male,35,2020,UNTIMED,JC,PB,,3
Male,35,2020,UNTIMED,JC,PB,,3
Male,34,2017,UNTIMED,AP,FF,,3
Male,34,2022,UNTIMED,JC,PB,,3
Male,34,2023,UNTIMED,JC,PB,,3
Male,33,2017,UNTIMED,AP,FF,,3
Male,33,2015,UNTIMED,AP,FF,,3
Male,32,2017,UNTIMED,AP,FF,,3
Male,32,2022,UNTIMED,JC,PB,,3
Male,31,2021,UNTIMED,JC,PB,,3
Male,31,2023,UNTIMED,JC,PB,,3
Male,30,2021,UNTIMED,JC,PB,,3
Male,29,2018,UNTIMED,JC,FF,,3
Male,29,2016,UNTIMED,AP,FF,,3
Male,29,2023,UNTIMED,JC,PB,,3
Male,28,2019,UNTIMED,JC,FF,,3
Male,27,2019,UNTIMED,JC,FF,,3
Male,27,2018,UNTIMED,JC,FF,,3
Male,27,2015,UNTIMED,AP,FF,,3
Male,27,2020,UNTIMED,JC,PB,,3
Male,27,2022,UNTIMED,JC,PB,,3
Male,27,2023,UNTIMED,JC,PB,,3
Male,27,2023,UNTIMED,JC,PB,,3
Male,26,2019,UNTIMED,JC,FF,,3
Male,26,2018,UNTIMED,JC,FF,,3
Male,26,2017,UNTIMED,AP,FF,,3
Male,26,2017,UNTIMED,AP,FF,,3
Male,26,2016,UNTIMED,AP,FF,,3
Male,26,2020,UNTIMED,JC,PB,,3
Male,26,2021,UNTIMED,JC,PB,,3
Male,26,2022,UNTIMED,JC,PB,,3
Male,26,2023,UNTIMED,JC,PB,,3
Male,25,2019,UNTIMED,JC,FF,,3
Male,25,2018,UNTIMED,JC,FF,,3
Male,25,2017,UNTIMED,AP,FF,,3
Male,25,2016,UNTIMED,AP,FF,,3
Male,25,2022,UNTIMED,JC,PB,,3
Male,25,2023,UNTIMED,JC,PB,,3
Male,25,2023,UNTIMED,JC,PB,,3
Male,24,2016,UNTIMED,AP,FF,,3
Male,24,2016,UNTIMED,AP,FF,,3
Male,24,2020,UNTIMED,JC,PB,,3
Male,24,2022,UNTIMED,JC,PB,,3
Male,24,2023,UNTIMED,JC,PB,,3
Male,23,2023,UNTIMED,JC,PB,,3
Male,23,2018,UNTIMED,JC,FF,,3
Male,23,2018,UNTIMED,JC,FF,,3
Male,23,2018,UNTIMED,JC,FF,,3
Male,23,2018,UNTIMED,JC,FF,,3
Male,23,2017,UNTIMED,AP,FF,,3
Male,23,2017,UNTIMED,AP,FF,,3
Male,23,2017,UNTIMED,AP,FF,,3
Male,23,2016,UNTIMED,AP,FF,,3
Male,23,2015,UNTIMED,AP,FF,,3
Male,23,2022,UNTIMED,JC,PB,,3
Male,22,2018,UNTIMED,JC,FF,,3
Male,22,2018,UNTIMED,JC,FF,,3
Male,22,2018,UNTIMED,JC,FF,,3
Male,22,2018,UNTIMED,JC,FF,,3
Male,22,2017,UNTIMED,AP,FF,,3
Male,22,2017,UNTIMED,AP,FF,,3
Male,22,2016,UNTIMED,AP,FF,,3
Male,22,2016,UNTIMED,AP,FF,,3
Male,22,2020,UNTIMED,JC,PB,,3
Male,22,2021,UNTIMED,JC,PB,,3
Male,22,2021,UNTIMED,JC,PB,,3
Male,22,2022,UNTIMED,JC,PB,,3
Male,22,2023,UNTIMED,JC,PB,,3
Male,21,2023,UNTIMED,JC,PB,,3
Male,21,2019,UNTIMED,JC,FF,,3
Male,21,2019,UNTIMED,JC,FF,,3
Male,21,2019,UNTIMED,JC,FF,,3
Male,21,2019,UNTIMED,JC,FF,,3
Male,21,2019,UNTIMED,JC,FF,,3
Male,21,2017,UNTIMED,AP,FF,,3
Male,21,2016,UNTIMED,AP,FF,,3
Male,21,2016,UNTIMED,AP,FF,,3
Male,21,2021,UNTIMED,JC,PB,,3
Female,21,2021,UNTIMED,JC,FF,,3
Male,21,2021,UNTIMED,JC,FF,,3
Male,21,2022,UNTIMED,JC,PB,,3
Male,21,2023,UNTIMED,JC,PB,,3
Female,21,2023,UNTIMED,JC,PB,,3
Male,21,2023,UNTIMED,JC,PB,,3
Male,21,2023,UNTIMED,JC,PB,,3
Female,20,2019,UNTIMED,JC,FF,,3
Male,20,2019,UNTIMED,JC,FF,,3
Male,20,2019,UNTIMED,JC,FF,,3
Male,20,2019,UNTIMED,JC,FF,,3
Male,20,2019,UNTIMED,JC,FF,,3
Male,20,2019,UNTIMED,JC,FF,,3
Male,20,2019,UNTIMED,JC,FF,,3
Male,20,2018,UNTIMED,JC,FF,,3
Male,20,2018,UNTIMED,JC,FF,,3
Male,20,2018,UNTIMED,JC,FF,,3
Male,20,2017,UNTIMED,AP,FF,,3
Male,20,2017,UNTIMED,AP,FF,,3
Male,20,2015,UNTIMED,AP,FF,,3
Male,20,2015,UNTIMED,AP,FF,,3
Male,20,2020,UNTIMED,JC,PB,,3
Male,20,2020,UNTIMED,JC,PB,,3
Male,20,2021,UNTIMED,JC,PB,,3
Male,20,2021,UNTIMED,JC,PB,,3
Male,20,2022,UNTIMED,JC,PB,,3
Male,20,2023,UNTIMED,JC,PB,,3
Male,20,2023,UNTIMED,JC,PB,,3
Male,19,2019,UNTIMED,JC,FF,,3
Male,19,2019,UNTIMED,JC,FF,,3
Male,19,2018,UNTIMED,JC,FF,,3
Male,19,2017,UNTIMED,AP,FF,,3
Male,19,2017,UNTIMED,AP,FF,,3
Male,19,2016,UNTIMED,AP,FF,,3
Male,19,2020,UNTIMED,JC,PB,,3
Male,19,2021,UNTIMED,JC,PB,,3
Male,19,2021,UNTIMED,JC,PB,,3
Male,19,2021,UNTIMED,JC,PB,,3
Male,19,2021,UNTIMED,JC,FF,,3
Male,19,2022,UNTIMED,JC,PB,,3
Male,19,2022,UNTIMED,JC,PB,,3
Male,19,2022,UNTIMED,JC,PB,,3
Male,19,2023,UNTIMED,JC,PB,,3
Male,18,2019,UNTIMED,JC,FF,,3
Male,18,2019,UNTIMED,JC,FF,,3
Male,18,2019,UNTIMED,JC,FF,,3
Male,18,2019,UNTIMED,JC,FF,,3
Male,18,2018,UNTIMED,JC,FF,,3
Male,18,2018,UNTIMED,JC,FF,,3
Male,18,2018,UNTIMED,JC,FF,,3
Male,18,2017,UNTIMED,AP,FF,,3
Male,18,2017,UNTIMED,AP,FF,,3
Male,18,2017,UNTIMED,AP,FF,,3
Male,18,2017,UNTIMED,AP,FF,,3
Male,18,2016,UNTIMED,AP,FF,,3
Male,18,2015,UNTIMED,AP,FF,,3
Male,18,2015,UNTIMED,AP,FF,,3
Male,18,2015,UNTIMED,AP,FF,,3
Male,18,2015,UNTIMED,AP,FF,,3
Male,18,2020,UNTIMED,JC,PB,,3
Male,18,2020,UNTIMED,JC,PB,,3
Male,18,2020,UNTIMED,JC,PB,,3
Male,18,2021,UNTIMED,JC,PB,,3
Male,18,2021,UNTIMED,JC,PB,,3
Female,18,2021,UNTIMED,JC,PB,,3
Male,18,2022,UNTIMED,JC,PB,,3
Male,18,2022,UNTIMED,JC,PB,,3
Male,18,2022,UNTIMED,JC,PB,,3
Male,18,2023,UNTIMED,JC,PB,,3
Male,17,2019,UNTIMED,JC,FF,,3
Male,17,2019,UNTIMED,JC,FF,,3
Male,17,2019,UNTIMED,JC,FF,,3
Female,17,2018,UNTIMED,JC,FF,,3
Male,17,2018,UNTIMED,JC,FF,,3
Male,17,2018,UNTIMED,JC,FF,,3
Male,17,2017,UNTIMED,AP,FF,,3
Male,17,2017,UNTIMED,AP,FF,,3
Male,17,2016,UNTIMED,AP,FF,,3
Male,17,2016,UNTIMED,AP,FF,,3
Male,17,2015,UNTIMED,AP,FF,,3
Male,17,2015,UNTIMED,AP,FF,,3
Male,17,2015,UNTIMED,AP,FF,,3
Male,17,2020,UNTIMED,JC,PB,,3
Male,17,2020,UNTIMED,JC,PB,,3
Male,17,2021,UNTIMED,JC,PB,,3
Female,17,2021,UNTIMED,JC,FF,,3
Female,17,2022,UNTIMED,JC,PB,,3
Male,17,2022,UNTIMED,JC,PB,,3
Male,17,2022,UNTIMED,JC,PB,,3
Male,17,2022,UNTIMED,JC,PB,,3
Male,17,2023,UNTIMED,JC,PB,,3
Male,16,2019,UNTIMED,JC,FF,,3
Male,16,2019,UNTIMED,JC,FF,,3
Male,16,2019,UNTIMED,JC,FF,,3
Male,16,2019,UNTIMED,JC,FF,,3
Male,16,2019,UNTIMED,JC,FF,,3
Male,16,2019,UNTIMED,JC,FF,,3
Male,16,2018,UNTIMED,JC,FF,,3
Male,16,2018,UNTIMED,JC,FF,,3
Male,16,2018,UNTIMED,JC,FF,,3
Male,16,2018,UNTIMED,JC,FF,,3
Male,16,2016,UNTIMED,AP,FF,,3
Male,16,2016,UNTIMED,AP,FF,,3
Male,16,2016,UNTIMED,AP,FF,,3
Female,16,2020,UNTIMED,JC,PB,,3
Male,16,2020,UNTIMED,JC,PB,,3
Male,16,2021,UNTIMED,JC,PB,,3
Female,16,2021,UNTIMED,JC,PB,,3
Female,16,2021,UNTIMED,JC,PB,,3
Male,16,2021,UNTIMED,JC,PB,,3
Female,16,2022,UNTIMED,JC,PB,,3
Male,16,2022,UNTIMED,JC,PB,,3
Male,16,2022,UNTIMED,JC,PB,,3
Male,16,2023,UNTIMED,JC,PB,,3
Male,15,2019,UNTIMED,JC,FF,,3
Male,15,2019,UNTIMED,JC,FF,,3
Male,15,2019,UNTIMED,JC,FF,,3
Male,15,2018,UNTIMED,JC,FF,,3
Male,15,2018,UNTIMED,JC,FF,,3
Male,15,2018,UNTIMED,JC,FF,,3
Female,15,2017,UNTIMED,AP,FF,,3
Male,15,2016,UNTIMED,AP,FF,,3
Male,15,2015,UNTIMED,AP,FF,,3
Male,15,2015,UNTIMED,AP,FF,,3
Male,15,2020,UNTIMED,JC,PB,,3
Male,15,2021,UNTIMED,JC,PB,,3
Male,15,2021,UNTIMED,JC,PB,,3
Male,15,2022,UNTIMED,JC,PB,,3
Male,15,2022,UNTIMED,JC,PB,,3
Male,15,2022,UNTIMED,JC,PB,,3
Female,14,2019,UNTIMED,JC,FF,,3
Female,14,2019,UNTIMED,JC,FF,,3
Male,14,2019,UNTIMED,JC,FF,,3
Male,14,2019,UNTIMED,JC,FF,,3
Male,14,2018,UNTIMED,JC,FF,,3
Male,14,2018,UNTIMED,JC,FF,,3
Male,14,2018,UNTIMED,JC,FF,,3
Male,14,2018,UNTIMED,JC,FF,,3
Male,14,2017,UNTIMED,AP,FF,,3
Male,14,2017,UNTIMED,AP,FF,,3
Male,14,2017,UNTIMED,AP,FF,,3
Male,14,2016,UNTIMED,AP,FF,,3
Male,14,2016,UNTIMED,AP,FF,,3
Male,14,2015,UNTIMED,AP,FF,,3
Male,14,2015,UNTIMED,AP,FF,,3
Male,14,2022,UNTIMED,JC,PB,,3
Female,14,2022,UNTIMED,JC,PB,,3
Male,14,2022,UNTIMED,JC,PB,,3
Male,13,2019,UNTIMED,JC,FF,,3
Male,13,2019,UNTIMED,JC,FF,,3
Male,13,2019,UNTIMED,JC,FF,,3
Male,13,2019,UNTIMED,JC,FF,,3
Male,13,2018,UNTIMED,JC,FF,,3
Male,13,2018,UNTIMED,JC,FF,,3
Male,13,2018,UNTIMED,JC,FF,,3
Male,13,2017,UNTIMED,AP,FF,,3
Female,13,2017,UNTIMED,AP,FF,,3
Male,13,2017,UNTIMED,AP,FF,,3
Male,13,2017,UNTIMED,AP,FF,,3
Male,13,2015,UNTIMED,AP,FF,,3
Male,13,2020,UNTIMED,JC,PB,,3
Male,13,2021,UNTIMED,JC,PB,,3
Male,13,2021,UNTIMED,JC,PB,,3
Male,13,2023,UNTIMED,JC,PB,,3
Male,13,2023,UNTIMED,JC,PB,,3
Male,13,2023,UNTIMED,JC,PB,,3
Female,12,2019,UNTIMED,JC,FF,,3
Male,12,2019,UNTIMED,JC,FF,,3
Male,12,2019,UNTIMED,JC,FF,,3
Male,12,2019,UNTIMED,JC,FF,,3
Male,12,2018,UNTIMED,JC,FF,,3
Male,12,2018,UNTIMED,JC,FF,,3
Male,12,2018,UNTIMED,JC,FF,,3
Male,12,2017,UNTIMED,AP,FF,,3
Male,12,2017,UNTIMED,AP,FF,,3
Male,12,2015,UNTIMED,AP,FF,,3
Male,12,2020,UNTIMED,JC,PB,,3
Male,12,2021,UNTIMED,JC,PB,,3
Male,12,2022,UNTIMED,JC,PB,,3
Male,12,2022,UNTIMED,JC,PB,,3
Female,11,2019,UNTIMED,JC,FF,,3
Male,11,2019,UNTIMED,JC,FF,,3
Male,11,2018,UNTIMED,JC,FF,,3
Female,11,2018,UNTIMED,JC,FF,,3
Male,11,2018,UNTIMED,JC,FF,,3
Male,11,2015,UNTIMED,AP,FF,,3
Male,11,2015,UNTIMED,AP,FF,,3
Male,11,2015,UNTIMED,AP,FF,,3
Male,11,2020,UNTIMED,JC,PB,,3
Male,11,2021,UNTIMED,JC,PB,,3
Male,11,2021,UNTIMED,JC,PB,,3
Male,11,2021,UNTIMED,JC,PB,,3
Male,11,2022,UNTIMED,JC,PB,,3
Male,10,2019,UNTIMED,JC,FF,,3
Male,10,2018,UNTIMED,JC,FF,,3
Male,10,2018,UNTIMED,JC,FF,,3
Female,10,2018,UNTIMED,JC,FF,,3
Male,10,2018,UNTIMED,JC,FF,,3
Male,10,2018,UNTIMED,JC,FF,,3
Male,10,2018,UNTIMED,JC,FF,,3
Male,10,2016,UNTIMED,AP,FF,,3
Male,10,2016,UNTIMED,AP,FF,,3
Male,10,2015,UNTIMED,AP,FF,,3
Male,10,2015,UNTIMED,AP,FF,,3
Female,10,2023,UNTIMED,JC,PB,,3
Male,10,2023,UNTIMED,JC,PB,,3
Male,10,2023,UNTIMED,JC,PB,,3
Male,10,2023,UNTIMED,JC,PB,,3
Female,9,2019,UNTIMED,JC,FF,,3
Male,9,2019,UNTIMED,JC,FF,,3
Male,9,2018,UNTIMED,JC,FF,,3
Female,9,2017,UNTIMED,AP,FF,,3
Male,9,2016,UNTIMED,AP,FF,,3
Male,9,2015,UNTIMED,AP,FF,,3
Male,9,2015,UNTIMED,AP,FF,,3
Male,9,2021,UNTIMED,JC,PB,,3
Female,8,2019,UNTIMED,JC,FF,,3
Male,8,2019,UNTIMED,JC,FF,,3
Female,8,2019,UNTIMED,JC,FF,,3
Male,8,2019,UNTIMED,JC,FF,,3
Male,8,2018,UNTIMED,JC,FF,,3
Male,8,2017,UNTIMED,AP,FF,,3
Male,8,2015,UNTIMED,AP,FF,,3
Male,8,2020,UNTIMED,JC,PB,,3
Male,8,2020,UNTIMED,JC,PB,,3
Male,8,2020,UNTIMED,JC,PB,,3
Male,8,2022,UNTIMED,JC,PB,,3
Male,8,2022,UNTIMED,JC,PB,,3
Female,7,2019,UNTIMED,JC,FF,,3
Male,7,2019,UNTIMED,JC,FF,,3
Male,7,2019,UNTIMED,JC,FF,,3
Male,7,2015,UNTIMED,AP,FF,,3
Male,7,2015,UNTIMED,AP,FF,,3
Female,7,2015,UNTIMED,AP,FF,,3
Male,7,2015,UNTIMED,AP,FF,,3
Male,7,2021,UNTIMED,JC,PB,,3
Male,7,2023,UNTIMED,JC,PB,,3
Male,6,2017,UNTIMED,AP,FF,,3
Female,6,2016,UNTIMED,AP,FF,,3
Male,5,2019,UNTIMED,JC,FF,,3
Female,5,2019,UNTIMED,JC,FF,,3
Male,5,2019,UNTIMED,JC,FF,,3
Female,5,2018,UNTIMED,JC,FF,,3
Male,5,2015,UNTIMED,AP,FF,,3
Male,5,2015,UNTIMED,AP,FF,,3
Female,4,2018,UNTIMED,JC,FF,,3
Female,4,2016,UNTIMED,AP,FF,,3
Male,4,2015,UNTIMED,AP,FF,,3
Male,4,2015,UNTIMED,AP,FF,,3
Male,4,2015,UNTIMED,AP,FF,,3
Male,4,2023,UNTIMED,JC,PB,,3
Male,3,2019,UNTIMED,JC,FF,,3
Female,3,2019,UNTIMED,JC,FF,,3
Female,3,2017,UNTIMED,AP,FF,,3
Male,2,2019,UNTIMED,JC,FF,,3
Male,2,2019,UNTIMED,JC,FF,,3
Male,2,2018,UNTIMED,JC,FF,,3
Male,2,2021,UNTIMED,JC,PB,,3
Male,1,2019,UNTIMED,JC,FF,,3
Male,1,2018,UNTIMED,JC,FF,,3
Male,1,2017,UNTIMED,AP,FF,,3
Female,1,2016,UNTIMED,AP,FF,,3
Male,1,2023,UNTIMED,JC,PB,,3
Male,120,2020,2 MINUTES,,,HR,4
Male,116,2019,2 MINUTES,,,HR,4
Male,112,2017,2 MINUTES,,,HR,4
Female,109,2019,2 MINUTES,,,HR,4
Male,108,2019,2 MINUTES,,,HR,4
Male,107,2017,2 MINUTES,,,HR,4
Male,106,2019,2 MINUTES,,,HR,4
Female,105,2018,2 MINUTES,,,HR,4
Male,105,2020,2 MINUTES,,,HR,4
Female,104,2022,2 MINUTES,,,HR,4
Male,103,2020,2 MINUTES,,,HR,4
Male,102,2017,2 MINUTES,,,HR,4
Female,101,2019,2 MINUTES,,,HR,4
Female,101,2017,2 MINUTES,,,HR,4
Female,101,2017,2 MINUTES,,,HR,4
Male,100,2018,2 MINUTES,,,HR,4
Male,100,2022,2 MINUTES,,,HR,4
Female,99,2019,2 MINUTES,,,HR,4
Male,99,2018,2 MINUTES,,,HR,4
Male,99,2021,2 MINUTES,,,HR,4
Female,98,2019,2 MINUTES,,,HR,4
Male,98,2018,2 MINUTES,,,HR,4
Male,98,2018,2 MINUTES,,,HR,4
Male,98,2022,2 MINUTES,,,HR,4
Female,97,2021,2 MINUTES,,,HR,4
Female,96,2020,2 MINUTES,,,HR,4
Male,96,2020,2 MINUTES,,,HR,4
Male,95,2019,2 MINUTES,,,HR,4
Male,95,2019,2 MINUTES,,,HR,4
Female,95,2019,2 MINUTES,,,HR,4
Male,95,2017,2 MINUTES,,,HR,4
Male,93,2019,2 MINUTES,,,HR,4
Male,93,2019,2 MINUTES,,,HR,4
Male,93,2019,2 MINUTES,,,HR,4
Male,93,2018,2 MINUTES,,,HR,4
Male,93,2018,2 MINUTES,,,HR,4
Male,92,2021,2 MINUTES,,,HR,4
Male,92,2022,2 MINUTES,,,HR,4
Female,91,2018,2 MINUTES,,,HR,4
Male,91,2017,2 MINUTES,,,HR,4
Male,91,2017,2 MINUTES,,,HR,4
Male,91,2022,2 MINUTES,,,HR,4
Male,90,2019,2 MINUTES,,,HR,4
Male,90,2018,2 MINUTES,,,HR,4
Male,90,2020,2 MINUTES,,,HR,4
Male,90,2022,2 MINUTES,,,HR,4
Male,90,2022,2 MINUTES,,,HR,4
Male,89,2019,2 MINUTES,,,HR,4
Male,89,2018,2 MINUTES,,,HR,4
Male,89,2018,2 MINUTES,,,HR,4
Male,89,2017,2 MINUTES,,,HR,4
Male,89,2021,2 MINUTES,,,HR,4
Male,89,2022,2 MINUTES,,,HR,4
Male,88,2019,2 MINUTES,,,HR,4
Male,88,2017,2 MINUTES,,,HR,4
Male,88,2021,2 MINUTES,,,HR,4
Male,88,2023,2 MINUTES,,,FR,4
Male,87,2018,2 MINUTES,,,HR,4
Male,87,2018,2 MINUTES,,,HR,4
Male,87,2022,2 MINUTES,,,HR,4
Male,87,2023,2 MINUTES,,,FR,4
Male,86,2017,2 MINUTES,,,HR,4
Male,86,2021,2 MINUTES,,,HR,4
Male,85,2018,2 MINUTES,,,HR,4
Male,85,2017,2 MINUTES,,,HR,4
Male,85,2021,2 MINUTES,,,HR,4
Male,85,2021,2 MINUTES,,,HR,4
Male,85,2021,2 MINUTES,,,HR,4
Male,85,2023,2 MINUTES,,,FR,4
Female,84,2019,2 MINUTES,,,HR,4
Male,84,2019,2 MINUTES,,,HR,4
Male,84,2018,2 MINUTES,,,HR,4
Male,84,2017,2 MINUTES,,,HR,4
Male,84,2017,2 MINUTES,,,HR,4
Male,83,2019,2 MINUTES,,,HR,4
Female,83,2019,2 MINUTES,,,HR,4
Male,83,2019,2 MINUTES,,,HR,4
Male,83,2019,2 MINUTES,,,HR,4
Male,83,2018,2 MINUTES,,,HR,4
Male,83,2017,2 MINUTES,,,HR,4
Male,83,2017,2 MINUTES,,,HR,4
Male,83,2017,2 MINUTES,,,HR,4
Male,83,2023,2 MINUTES,,,FR,4
Male,82,2019,2 MINUTES,,,HR,4
Male,82,2018,2 MINUTES,,,HR,4
Male,82,2018,2 MINUTES,,,HR,4
Female,82,2022,2 MINUTES,,,HR,4
Male,81,2019,2 MINUTES,,,HR,4
Male,81,2018,2 MINUTES,,,HR,4
Male,81,2021,2 MINUTES,,,HR,4
Male,81,2022,2 MINUTES,,,HR,4
Male,81,2022,2 MINUTES,,,HR,4
Male,80,2018,2 MINUTES,,,HR,4
Female,80,2018,2 MINUTES,,,HR,4
Male,80,2018,2 MINUTES,,,HR,4
Male,80,2017,2 MINUTES,,,HR,4
Male,80,2022,2 MINUTES,,,HR,4
Male,80,2023,2 MINUTES,,,FR,4
Male,79,2019,2 MINUTES,,,HR,4
Male,79,2017,2 MINUTES,,,HR,4
Male,79,2017,2 MINUTES,,,HR,4
Male,79,2023,2 MINUTES,,,FR,4
Male,79,2023,2 MINUTES,,,FR,4
Male,78,2019,2 MINUTES,,,HR,4
Male,78,2019,2 MINUTES,,,HR,4
Male,78,2017,2 MINUTES,,,HR,4
Male,77,2019,2 MINUTES,,,HR,4
Male,77,2018,2 MINUTES,,,HR,4
Male,77,2017,2 MINUTES,,,HR,4
Male,77,2020,2 MINUTES,,,HR,4
Male,77,2021,2 MINUTES,,,HR,4
Male,77,2022,2 MINUTES,,,HR,4
Male,76,2019,2 MINUTES,,,HR,4
Female,76,2018,2 MINUTES,,,HR,4
Male,76,2020,2 MINUTES,,,HR,4
Male,76,2022,2 MINUTES,,,HR,4
Male,76,2023,2 MINUTES,,,FR,4
Male,76,2023,2 MINUTES,,,FR,4
Male,76,2023,2 MINUTES,,,FR,4
Male,75,2018,2 MINUTES,,,HR,4
Male,75,2018,2 MINUTES,,,HR,4
Female,75,2018,2 MINUTES,,,HR,4
Male,75,2022,2 MINUTES,,,HR,4
Male,74,2019,2 MINUTES,,,HR,4
Male,74,2019,2 MINUTES,,,HR,4
Male,74,2022,2 MINUTES,,,HR,4
Male,74,2023,2 MINUTES,,,FR,4
Male,74,2023,2 MINUTES,,,FR,4
Male,73,2018,2 MINUTES,,,HR,4
Male,73,2021,2 MINUTES,,,HR,4
Male,73,2021,2 MINUTES,,,HR,4
Male,73,2021,2 MINUTES,,,HR,4
Male,73,2022,2 MINUTES,,,HR,4
Female,72,2019,2 MINUTES,,,HR,4
Male,72,2020,2 MINUTES,,,HR,4
Male,72,2022,2 MINUTES,,,HR,4
Male,71,2018,2 MINUTES,,,HR,4
Male,70,2018,2 MINUTES,,,HR,4
Male,70,2018,2 MINUTES,,,HR,4
Male,70,2020,2 MINUTES,,,HR,4
Male,70,2021,2 MINUTES,,,HR,4
Male,70,2022,2 MINUTES,,,HR,4
Male,70,2022,2 MINUTES,,,HR,4
Male,69,2018,2 MINUTES,,,HR,4
Male,69,2022,2 MINUTES,,,HR,4
Male,68,2017,2 MINUTES,,,HR,4
Male,68,2020,2 MINUTES,,,HR,4
Male,68,2020,2 MINUTES,,,HR,4
Female,68,2021,2 MINUTES,,,HR,4
Male,67,2018,2 MINUTES,,,HR,4
Male,67,2018,2 MINUTES,,,HR,4
Male,67,2020,2 MINUTES,,,HR,4
Male,67,2020,2 MINUTES,,,HR,4
Male,67,2021,2 MINUTES,,,HR,4
Male,67,2022,2 MINUTES,,,HR,4
Male,67,2023,2 MINUTES,,,FR,4
Male,66,2017,2 MINUTES,,,HR,4
Male,66,2020,2 MINUTES,,,HR,4
Male,65,2018,2 MINUTES,,,HR,4
Male,65,2018,2 MINUTES,,,HR,4
Male,65,2017,2 MINUTES,,,HR,4
Male,65,2021,2 MINUTES,,,HR,4
Male,65,2021,2 MINUTES,,,HR,4
Male,65,2022,2 MINUTES,,,HR,4
Male,65,2023,2 MINUTES,,,FR,4
Female,65,2023,2 MINUTES,,,FR,4
Male,65,2023,2 MINUTES,,,FR,4
Male,64,2019,2 MINUTES,,,HR,4
Male,64,2018,2 MINUTES,,,HR,4
Female,64,2017,2 MINUTES,,,HR,4
Male,64,2021,2 MINUTES,,,HR,4
Male,64,2023,2 MINUTES,,,FR,4
Male,63,2019,2 MINUTES,,,HR,4
Male,63,2018,2 MINUTES,,,HR,4
Male,63,2021,2 MINUTES,,,HR,4
Male,63,2022,2 MINUTES,,,HR,4
Male,63,2023,2 MINUTES,,,FR,4
Male,62,2019,2 MINUTES,,,HR,4
Male,62,2020,2 MINUTES,,,HR,4
Male,62,2021,2 MINUTES,,,HR,4
Male,62,2022,2 MINUTES,,,HR,4
Male,62,2023,2 MINUTES,,,FR,4
Female,61,2019,2 MINUTES,,,HR,4
Male,61,2018,2 MINUTES,,,HR,4
Male,61,2018,2 MINUTES,,,HR,4
Male,61,2023,2 MINUTES,,,FR,4
Male,60,2018,2 MINUTES,,,HR,4
Female,60,2017,2 MINUTES,,,HR,4
Male,60,2021,2 MINUTES,,,HR,4
Male,60,2021,2 MINUTES,,,HR,4
Male,60,2022,2 MINUTES,,,HR,4
Male,59,2019,2 MINUTES,,,HR,4
Male,59,2023,2 MINUTES,,,FR,4
Male,58,2018,2 MINUTES,,,HR,4
Male,58,2018,2 MINUTES,,,HR,4
Male,58,2018,2 MINUTES,,,HR,4
Female,58,2018,2 MINUTES,,,HR,4
Male,58,2017,2 MINUTES,,,HR,4
Male,58,2021,2 MINUTES,,,HR,4
Male,58,2022,2 MINUTES,,,HR,4
Male,57,2017,2 MINUTES,,,HR,4
Male,57,2022,2 MINUTES,,,HR,4
Male,57,2023,2 MINUTES,,,FR,4
Male,56,2019,2 MINUTES,,,HR,4
Male,56,2023,2 MINUTES,,,FR,4
Male,55,2017,2 MINUTES,,,HR,4
Male,55,2023,2 MINUTES,,,FR,4
Male,54,2019,2 MINUTES,,,HR,4
Male,54,2020,2 MINUTES,,,HR,4
Male,54,2021,2 MINUTES,,,HR,4
Female,54,2021,2 MINUTES,,,HR,4
Female,53,2022,2 MINUTES,,,HR,4
Male,52,2019,2 MINUTES,,,HR,4
Male,52,2018,2 MINUTES,,,HR,4
Male,52,2022,2 MINUTES,,,HR,4
Male,52,2022,2 MINUTES,,,HR,4
Female,51,2021,2 MINUTES,,,HR,4
Male,51,2022,2 MINUTES,,,HR,4
Male,51,2023,2 MINUTES,,,FR,4
Male,50,2017,2 MINUTES,,,HR,4
Male,50,2021,2 MINUTES,,,HR,4
Male,47,2018,2 MINUTES,,,HR,4
Female,46,2020,2 MINUTES,,,HR,4
Male,45,2019,2 MINUTES,,,HR,4
Male,45,2023,2 MINUTES,,,FR,4
Male,44,2019,2 MINUTES,,,HR,4
Male,43,2019,2 MINUTES,,,HR,4
Male,43,2018,2 MINUTES,,,HR,4
Male,43,2017,2 MINUTES,,,HR,4
Male,43,2021,2 MINUTES,,,HR,4
Male,42,2022,2 MINUTES,,,HR,4
Female,41,2020,2 MINUTES,,,HR,4
Female,41,2023,2 MINUTES,,,FR,4
Male,40,2018,2 MINUTES,,,HR,4
Male,39,2021,2 MINUTES,,,HR,4
Male,35,2020,2 MINUTES,,,HR,4
Male,34,2017,2 MINUTES,,,HR,4
Male,21,2023,2 MINUTES,,,FR,4
Male,17,2018,2 MINUTES,,,HR,4
Male,151,2019,2 MINUTES,,,HR,5
Male,150,2019,2 MINUTES,,,HR,5
Male,140,2019,2 MINUTES,,,HR,5
Male,140,2018,2 MINUTES,,,HR,5
Male,137,2018,2 MINUTES,,,HR,5
Male,136,2019,2 MINUTES,,,HR,5
Male,136,2019,2 MINUTES,,,HR,5
Male,136,2019,2 MINUTES,,,HR,5
Female,135,2020,2 MINUTES,,,HR,5
Male,134,2018,2 MINUTES,,,HR,5
Male,134,2017,2 MINUTES,,,HR,5
Male,133,2019,2 MINUTES,,,HR,5
Male,133,2017,2 MINUTES,,,HR,5
Male,132,2017,2 MINUTES,,,HR,5
Female,131,2019,2 MINUTES,,,HR,5
Female,131,2019,2 MINUTES,,,HR,5
Male,131,2018,2 MINUTES,,,HR,5
Male,131,2018,2 MINUTES,,,HR,5
Male,130,2020,2 MINUTES,,,HR,5
Male,130,2021,2 MINUTES,,,FR,5
Male,129,2020,2 MINUTES,,,HR,5
Male,128,2019,2 MINUTES,,,HR,5
Male,128,2019,2 MINUTES,,,HR,5
Male,127,2019,2 MINUTES,,,HR,5
Male,127,2018,2 MINUTES,,,HR,5
Male,126,2019,2 MINUTES,,,HR,5
Female,126,2019,2 MINUTES,,,HR,5
Male,126,2019,2 MINUTES,,,HR,5
Male,126,2020,2 MINUTES,,,HR,5
Male,125,2019,2 MINUTES,,,HR,5
Female,125,2019,2 MINUTES,,,HR,5
Male,125,2019,2 MINUTES,,,HR,5
Male,124,2018,2 MINUTES,,,HR,5
Male,124,2016,2 MINUTES,,,FR,5
Male,124,2021,2 MINUTES,,,FR,5
Male,123,2019,2 MINUTES,,,HR,5
Male,123,2016,2 MINUTES,,,FR,5
Male,123,2022,2 MINUTES,,,FR,5
Male,122,2018,2 MINUTES,,,HR,5
Male,122,2018,2 MINUTES,,,HR,5
Male,122,2022,2 MINUTES,,,FR,5
Male,121,2019,2 MINUTES,,,HR,5
Male,121,2018,2 MINUTES,,,HR,5
Female,121,2017,2 MINUTES,,,HR,5
Male,120,2019,2 MINUTES,,,HR,5
Male,120,2018,2 MINUTES,,,HR,5
Male,120,2018,2 MINUTES,,,HR,5
Male,120,2017,2 MINUTES,,,HR,5
Male,120,2017,2 MINUTES,,,HR,5
Male,118,2019,2 MINUTES,,,HR,5
Female,118,2022,2 MINUTES,,,FR,5
Male,118,2023,2 MINUTES,,,FR,5
Female,117,2018,2 MINUTES,,,HR,5
Male,117,2016,2 MINUTES,,,FR,5
Female,117,2021,2 MINUTES,,,FR,5
Male,117,2023,2 MINUTES,,,FR,5
Male,116,2019,2 MINUTES,,,HR,5
Male,115,2019,2 MINUTES,,,HR,5
Male,115,2015,2 MINUTES,,,FR,5
Male,114,2021,2 MINUTES,,,FR,5
Male,114,2021,2 MINUTES,,,FR,5
Male,113,2019,2 MINUTES,,,HR,5
Male,113,2021,2 MINUTES,,,FR,5
Female,112,2019,2 MINUTES,,,HR,5
Female,112,2019,2 MINUTES,,,HR,5
Male,112,2018,2 MINUTES,,,HR,5
Male,112,2018,2 MINUTES,,,HR,5
Male,112,2022,2 MINUTES,,,FR,5
Male,112,2023,2 MINUTES,,,FR,5
Male,111,2019,2 MINUTES,,,HR,5
Male,111,2022,2 MINUTES,,,FR,5
Male,111,2023,2 MINUTES,,,FR,5
Male,111,2023,2 MINUTES,,,FR,5
Male,110,2019,2 MINUTES,,,HR,5
Male,110,2019,2 MINUTES,,,HR,5
Male,110,2017,2 MINUTES,,,HR,5
Male,110,2017,2 MINUTES,,,HR,5
Male,110,2015,2 MINUTES,,,FR,5
Male,110,2020,2 MINUTES,,,HR,5
Male,110,2021,2 MINUTES,,,FR,5
Female,110,2021,2 MINUTES,,,FR,5
Male,110,2022,2 MINUTES,,,FR,5
Male,110,2022,2 MINUTES,,,FR,5
Male,110,2023,2 MINUTES,,,FR,5
Male,110,2023,2 MINUTES,,,FR,5
Male,109,2019,2 MINUTES,,,HR,5
Female,109,2019,2 MINUTES,,,HR,5
Male,109,2018,2 MINUTES,,,HR,5
Female,109,2018,2 MINUTES,,,HR,5
Male,109,2015,2 MINUTES,,,FR,5
Male,109,2021,2 MINUTES,,,FR,5
Male,109,2021,2 MINUTES,,,FR,5
Female,108,2019,2 MINUTES,,,HR,5
Male,108,2019,2 MINUTES,,,HR,5
Male,108,2017,2 MINUTES,,,HR,5
Male,108,2016,2 MINUTES,,,FR,5
Male,108,2020,2 MINUTES,,,HR,5
Male,108,2022,2 MINUTES,,,FR,5
Male,108,2022,2 MINUTES,,,FR,5
Male,107,2019,2 MINUTES,,,HR,5
Male,107,2018,2 MINUTES,,,HR,5
Male,107,2020,2 MINUTES,,,HR,5
Male,107,2022,2 MINUTES,,,FR,5
Male,106,2019,2 MINUTES,,,HR,5
Male,106,2018,2 MINUTES,,,HR,5
Female,106,2022,2 MINUTES,,,FR,5
Male,106,2023,2 MINUTES,,,FR,5
Male,106,2023,2 MINUTES,,,FR,5
Male,105,2019,2 MINUTES,,,HR,5
Female,105,2019,2 MINUTES,,,HR,5
Female,105,2018,2 MINUTES,,,HR,5
Male,105,2017,2 MINUTES,,,HR,5
Male,105,2017,2 MINUTES,,,HR,5
Male,105,2017,2 MINUTES,,,HR,5
Male,105,2022,2 MINUTES,,,FR,5
Male,104,2019,2 MINUTES,,,HR,5
Female,104,2019,2 MINUTES,,,HR,5
Male,104,2019,2 MINUTES,,,HR,5
Female,104,2019,2 MINUTES,,,HR,5
Male,104,2018,2 MINUTES,,,HR,5
Male,104,2018,2 MINUTES,,,HR,5
Male,104,2021,2 MINUTES,,,FR,5
Male,103,2018,2 MINUTES,,,HR,5
Male,103,2020,2 MINUTES,,,HR,5
Male,103,2020,2 MINUTES,,,HR,5
Male,103,2020,2 MINUTES,,,HR,5
Male,103,2021,2 MINUTES,,,FR,5
Male,103,2021,2 MINUTES,,,FR,5
Male,103,2022,2 MINUTES,,,FR,5
Male,103,2023,2 MINUTES,,,FR,5
Male,102,2019,2 MINUTES,,,HR,5
Male,102,2018,2 MINUTES,,,HR,5
Male,102,2017,2 MINUTES,,,HR,5
Female,102,2017,2 MINUTES,,,HR,5
Male,102,2017,2 MINUTES,,,HR,5
Male,102,2020,2 MINUTES,,,HR,5
Male,102,2022,2 MINUTES,,,FR,5
Male,101,2019,2 MINUTES,,,HR,5
Male,101,2019,2 MINUTES,,,HR,5
Female,101,2019,2 MINUTES,,,HR,5
Male,101,2017,2 MINUTES,,,HR,5
Male,101,2016,2 MINUTES,,,FR,5
Male,101,2021,2 MINUTES,,,FR,5
Male,100,2019,2 MINUTES,,,HR,5
Male,100,2018,2 MINUTES,,,HR,5
Female,100,2018,2 MINUTES,,,HR,5
Male,100,2018,2 MINUTES,,,HR,5
Male,100,2017,2 MINUTES,,,HR,5
Male,100,2017,2 MINUTES,,,HR,5
Male,100,2016,2 MINUTES,,,FR,5
Male,100,2020,2 MINUTES,,,HR,5
Male,100,2021,2 MINUTES,,,FR,5
Male,99,2018,2 MINUTES,,,HR,5
Male,99,2018,2 MINUTES,,,HR,5
Male,99,2017,2 MINUTES,,,HR,5
Male,99,2017,2 MINUTES,,,HR,5
Male,99,2021,2 MINUTES,,,FR,5
Male,99,2021,2 MINUTES,,,FR,5
Male,99,2022,2 MINUTES,,,FR,5
Male,99,2022,2 MINUTES,,,FR,5
Male,99,2022,2 MINUTES,,,FR,5
Female,99,2023,2 MINUTES,,,FR,5
Male,98,2018,2 MINUTES,,,HR,5
Male,98,2016,2 MINUTES,,,FR,5
Male,98,2016,2 MINUTES,,,FR,5
Male,98,2023,2 MINUTES,,,FR,5
Male,98,2023,2 MINUTES,,,FR,5
Female,97,2019,2 MINUTES,,,HR,5
Male,97,2017,2 MINUTES,,,HR,5
Male,97,2015,2 MINUTES,,,FR,5
Male,97,2020,2 MINUTES,,,HR,5
Male,97,2021,2 MINUTES,,,FR,5
Male,96,2019,2 MINUTES,,,HR,5
Male,96,2019,2 MINUTES,,,HR,5
Male,96,2016,2 MINUTES,,,FR,5
Male,96,2015,2 MINUTES,,,FR,5
Male,96,2021,2 MINUTES,,,FR,5
Male,96,2022,2 MINUTES,,,FR,5
Male,96,2022,2 MINUTES,,,FR,5
Male,96,2023,2 MINUTES,,,FR,5
Male,96,2023,2 MINUTES,,,FR,5
Male,95,2019,2 MINUTES,,,HR,5
Male,95,2018,2 MINUTES,,,HR,5
Male,95,2018,2 MINUTES,,,HR,5
Female,95,2018,2 MINUTES,,,HR,5
Male,95,2017,2 MINUTES,,,HR,5
Female,95,2017,2 MINUTES,,,HR,5
Male,95,2020,2 MINUTES,,,HR,5
Male,95,2023,2 MINUTES,,,FR,5
Male,95,2023,2 MINUTES,,,FR,5
Female,94,2016,2 MINUTES,,,FR,5
Male,94,2015,2 MINUTES,,,FR,5
Male,94,2020,2 MINUTES,,,HR,5
Male,94,2021,2 MINUTES,,,FR,5
Male,94,2021,2 MINUTES,,,FR,5
Male,93,2019,2 MINUTES,,,HR,5
Male,93,2019,2 MINUTES,,,HR,5
Male,93,2018,2 MINUTES,,,HR,5
Male,93,2018,2 MINUTES,,,HR,5
Male,93,2021,2 MINUTES,,,FR,5
Male,93,2021,2 MINUTES,,,FR,5
Female,93,2022,2 MINUTES,,,FR,5
Male,93,2022,2 MINUTES,,,FR,5
Male,92,2019,2 MINUTES,,,HR,5
Male,92,2019,2 MINUTES,,,HR,5
Male,92,2021,2 MINUTES,,,FR,5
Male,92,2021,2 MINUTES,,,FR,5
Male,92,2022,2 MINUTES,,,FR,5
Male,92,2023,2 MINUTES,,,FR,5
Male,91,2018,2 MINUTES,,,HR,5
Male,91,2016,2 MINUTES,,,FR,5
Male,91,2016,2 MINUTES,,,FR,5
Male,91,2016,2 MINUTES,,,FR,5
Female,90,2019,2 MINUTES,,,HR,5
Male,90,2019,2 MINUTES,,,HR,5
Male,90,2019,2 MINUTES,,,HR,5
Male,90,2018,2 MINUTES,,,HR,5
Male,90,2018,2 MINUTES,,,HR,5
Male,90,2017,2 MINUTES,,,HR,5
Male,90,2015,2 MINUTES,,,FR,5
Male,90,2022,2 MINUTES,,,FR,5
Male,90,2023,2 MINUTES,,,FR,5
Male,90,2023,2 MINUTES,,,FR,5
Male,89,2018,2 MINUTES,,,HR,5
Male,89,2017,2 MINUTES,,,HR,5
Male,89,2021,2 MINUTES,,,FR,5
Male,89,2021,2 MINUTES,,,FR,5
Female,89,2021,2 MINUTES,,,FR,5
Female,89,2021,2 MINUTES,,,FR,5
Male,89,2022,2 MINUTES,,,FR,5
Male,89,2023,2 MINUTES,,,FR,5
Male,88,2019,2 MINUTES,,,HR,5
Male,88,2019,2 MINUTES,,,HR,5
Male,88,2017,2 MINUTES,,,HR,5
Male,88,2022,2 MINUTES,,,FR,5
Male,88,2022,2 MINUTES,,,FR,5
Male,87,2018,2 MINUTES,,,HR,5
Male,86,2019,2 MINUTES,,,HR,5
Male,86,2019,2 MINUTES,,,HR,5
Male,86,2017,2 MINUTES,,,HR,5
Male,86,2020,2 MINUTES,,,HR,5
Male,86,2020,2 MINUTES,,,HR,5
Male,86,2021,2 MINUTES,,,FR,5
Male,86,2022,2 MINUTES,,,FR,5
Male,85,2018,2 MINUTES,,,HR,5
Male,85,2016,2 MINUTES,,,FR,5
Male,85,2016,2 MINUTES,,,FR,5
Male,85,2015,2 MINUTES,,,FR,5
Male,85,2022,2 MINUTES,,,FR,5
Male,84,2017,2 MINUTES,,,HR,5
Male,84,2016,2 MINUTES,,,FR,5
Male,84,2016,2 MINUTES,,,FR,5
Male,84,2016,2 MINUTES,,,FR,5
Male,84,2015,2 MINUTES,,,FR,5
Male,84,2020,2 MINUTES,,,HR,5
Female,84,2020,2 MINUTES,,,HR,5
Male,83,2019,2 MINUTES,,,HR,5
Female,83,2018,2 MINUTES,,,HR,5
Male,83,2022,2 MINUTES,,,FR,5
Male,83,2023,2 MINUTES,,,FR,5
Male,83,2023,2 MINUTES,,,FR,5
Male,82,2019,2 MINUTES,,,HR,5
Male,82,2019,2 MINUTES,,,HR,5
Male,82,2015,2 MINUTES,,,FR,5
Male,82,2023,2 MINUTES,,,FR,5
Female,81,2019,2 MINUTES,,,HR,5
Male,81,2018,2 MINUTES,,,HR,5
Male,81,2017,2 MINUTES,,,HR,5
Male,81,2016,2 MINUTES,,,FR,5
Male,81,2015,2 MINUTES,,,FR,5
Male,81,2015,2 MINUTES,,,FR,5
Male,80,2018,2 MINUTES,,,HR,5
Male,80,2015,2 MINUTES,,,FR,5
Female,80,2020,2 MINUTES,,,HR,5
Male,80,2022,2 MINUTES,,,FR,5
Male,80,2023,2 MINUTES,,,FR,5
Female,80,2023,2 MINUTES,,,FR,5
Male,79,2019,2 MINUTES,,,HR,5
Male,79,2023,2 MINUTES,,,FR,5
Male,78,2016,2 MINUTES,,,FR,5
Male,78,2015,2 MINUTES,,,FR,5
Male,78,2022,2 MINUTES,,,FR,5
Male,78,2023,2 MINUTES,,,FR,5
Male,76,2018,2 MINUTES,,,HR,5
Male,76,2015,2 MINUTES,,,FR,5
Male,75,2019,2 MINUTES,,,HR,5
Male,75,2018,2 MINUTES,,,HR,5
Male,75,2018,2 MINUTES,,,HR,5
Male,75,2016,2 MINUTES,,,FR,5
Male,75,2015,2 MINUTES,,,FR,5
Male,75,2015,2 MINUTES,,,FR,5
Male,75,2015,2 MINUTES,,,FR,5
Male,75,2022,2 MINUTES,,,FR,5
Male,74,2017,2 MINUTES,,,HR,5
Male,74,2015,2 MINUTES,,,FR,5
Male,74,2022,2 MINUTES,,,FR,5
Male,73,2015,2 MINUTES,,,FR,5
Male,72,2019,2 MINUTES,,,HR,5
Male,72,2015,2 MINUTES,,,FR,5
Male,72,2015,2 MINUTES,,,FR,5
Male,71,2018,2 MINUTES,,,HR,5
Male,71,2016,2 MINUTES,,,FR,5
Male,71,2015,2 MINUTES,,,FR,5
Male,71,2022,2 MINUTES,,,FR,5
Male,70,2019,2 MINUTES,,,HR,5
Male,70,2018,2 MINUTES,,,HR,5
Female,70,2017,2 MINUTES,,,HR,5
Female,70,2016,2 MINUTES,,,FR,5
Female,70,2016,2 MINUTES,,,FR,5
Male,70,2015,2 MINUTES,,,FR,5
Male,70,2015,2 MINUTES,,,FR,5
Male,70,2023,2 MINUTES,,,FR,5
Male,69,2015,2 MINUTES,,,FR,5
Male,69,2015,2 MINUTES,,,FR,5
Male,68,2015,2 MINUTES,,,FR,5
Male,67,2019,2 MINUTES,,,HR,5
Female,67,2015,2 MINUTES,,,FR,5
Male,67,2021,2 MINUTES,,,FR,5
Male,67,2023,2 MINUTES,,,FR,5
Male,66,2018,2 MINUTES,,,HR,5
Male,65,2018,2 MINUTES,,,HR,5
Male,65,2017,2 MINUTES,,,HR,5
Male,65,2017,2 MINUTES,,,HR,5
Male,64,2018,2 MINUTES,,,HR,5
Male,63,2019,2 MINUTES,,,HR,5
Male,63,2017,2 MINUTES,,,HR,5
Male,62,2020,2 MINUTES,,,HR,5
Male,57,2017,2 MINUTES,,,HR,5
Female,51,2019,2 MINUTES,,,HR,5
Male,50,2017,2 MINUTES,,,HR,5
Male,50,2016,2 MINUTES,,,FR,5
Male,46,2018,2 MINUTES,,,HR,5
Female,45,2018,2 MINUTES,,,HR,5
Male,37,2019,2 MINUTES,,,HR,5
Male,35,2018,2 MINUTES,,,HR,5
Male,28,2022,2 MINUTES,,,FR,5
Male,15,2018,2 MINUTES,,,HR,5
Male,12,2020,2 MINUTES,,,HR,5